userid,name,email,date,marital,age
1,Zena Carson,vitae@orciadipiscing.com,2021-38-10,2,31
2,Amos West,pellentesque@utipsum.net,2022-31-13,2,70
3,Harlan Moses,risus@etrisus.com,2022-16-22,2,53
4,Lael Kelley,a.ultricies@eratin.net,2022-52-07,2,38
5,Lucas Cochran,vivamus.nibh@nasceturridiculus.co.uk,2021-41-24,1,44
6,Azalia Santos,diam.eu@parturientmontes.org,2021-19-15,3,64
7,Reuben Shaw,at@magnaaneque.net,2021-16-07,2,38
8,Dacey Talley,lobortis@placeratorci.co.uk,2022-10-10,1,66
9,Shaine Warren,velit@facilisis.ca,2021-43-21,1,43
10,Nevada Cohen,luctus@velit.edu,2021-25-10,2,42
11,Austin Lindsey,fringilla@lectuscumsociis.net,2021-37-28,1,35
12,Cyrus Lott,donec@eratvolutpat.com,2022-36-14,2,50
13,Wynter Boyle,sem@imperdietullamcorper.net,2021-06-02,1,31
14,Cullen Hatfield,commodo@mattissemper.org,2021-02-07,3,28
15,Adria Dorsey,euismod@elementumat.org,2022-45-13,1,37
16,Ezra Booth,aliquam.enim@turpis.ca,2022-32-01,1,31
17,Xavier Hayden,sem@aliquetdiamsed.co.uk,2022-04-25,3,51
18,Drew Bryan,tristique.pharetra.quisque@donecfeugiat.com,2020-05-31,2,51
19,Asher Fisher,tellus.aenean@magna.edu,2020-17-09,1,69
20,Vernon Lynch,eu.nulla@eleifendnec.com,2022-20-08,1,57
21,Odette Olson,vel.turpis@aliquetodioetiam.co.uk,2022-40-24,2,46
22,Myles Lawson,cubilia.curae.phasellus@orcidonecnibh.org,2021-18-24,3,49
23,Darrel Cantu,netus.et.malesuada@duiselementum.net,2022-36-22,2,40
24,Peter Holcomb,ipsum.primis.in@hymenaeosmauris.net,2021-48-22,2,59
25,Leonard Brewer,egestas.nunc@nuncin.co.uk,2020-40-18,1,20
26,Brock Prince,libero.proin@arcununcmauris.co.uk,2021-30-07,2,27
27,Malik Le,ac.risus@morbisitamet.co.uk,2022-03-07,2,30
28,Simon Reid,phasellus.nulla@mauriserat.co.uk,2022-31-07,3,50
29,Hakeem Wells,fringilla@arcueu.ca,2022-10-17,2,69
30,Roanna Hendrix,aliquam@arcununc.com,2021-10-24,2,50
31,Rigel Chase,tincidunt.orci@amet.co.uk,2022-21-03,3,27
32,Kane Charles,mattis.semper@egetmetusin.edu,2021-22-16,0,60
33,Stewart Lamb,vel.turpis@eratsed.edu,2022-21-16,2,46
34,Lucas Livingston,eros@porttitortellus.com,2021-19-22,3,49
35,Lacota Whitfield,tellus.lorem@in.org,2021-56-21,0,57
36,Curran Malone,porttitor@convallisconvallisdolor.net,2022-48-30,0,47
37,Ezekiel Hampton,luctus.et@idante.co.uk,2021-16-03,1,34
38,Cherokee Zamora,elit@praesenteudui.org,2022-15-20,2,37
39,Kaye Buck,aliquam@sodales.net,2022-31-01,3,44
40,Mona Perkins,senectus.et.netus@tortor.edu,2022-17-12,3,59
41,Xavier Duke,euismod.enim@velitquisque.ca,2021-39-24,2,67
42,Kevin Solis,turpis.egestas.aliquam@egestasa.org,2022-47-03,3,56
43,Jakeem Crane,faucibus.leo.in@interdumnunc.com,2020-23-02,0,27
44,Paloma Green,sed.est@risus.co.uk,2020-24-31,2,69
45,Raymond Hays,mauris.nulla.integer@nonummyultricies.com,2021-27-26,0,61
46,Kasper Barnes,metus@suspendisse.edu,2020-42-06,2,47
47,Odessa Fisher,pede.nunc@hendreritnequein.com,2022-22-28,0,44
48,Dominique Hampton,fringilla.euismod@volutpatornarefacilisis.ca,2021-35-03,1,25
49,Alika Tanner,pharetra@auctorvitae.org,2022-52-16,2,52
50,Baker Gould,fusce.mollis@donecnon.org,2021-12-27,1,37
51,Evelyn Rich,nec.tempus.scelerisque@accumsanlaoreet.co.uk,2021-59-29,0,39
52,Quon Foster,etiam@hymenaeosmauris.net,2022-17-26,2,54
53,Jin Collier,eget@risusa.edu,2022-28-04,0,70
54,Tucker Moore,orci.in.consequat@namnulla.com,2021-04-11,1,67
55,Patience Sweeney,fusce.dolor@pedenonummyut.com,2021-17-08,2,69
56,Ina Douglas,vel.convallis@nislmaecenasmalesuada.org,2021-28-30,1,40
57,Barclay Wilder,ipsum.suspendisse@consequatnecmollis.co.uk,2020-19-23,1,23
58,Clio Ford,et.magna@euturpis.org,2020-33-25,1,60
59,Stone Rocha,donec.sollicitudin.adipiscing@nonlacinia.co.uk,2022-26-23,0,53
60,Brennan Kramer,ante.ipsum@portaelit.edu,2020-56-21,0,20
61,Raja Freeman,dapibus@sodaleseliterat.ca,2021-52-28,1,28
62,Reese House,diam.proin@nonlobortisquis.edu,2020-01-06,3,60
63,Justine Avila,consectetuer@duiselementumdui.org,2020-57-18,2,57
64,Olivia Gregory,dolor@etmagnisdis.edu,2022-17-27,2,42
65,Hermione Atkins,non.luctus.sit@quisqueornare.net,2022-06-13,0,26
66,Travis Ware,vitae.mauris.sit@metus.ca,2022-22-22,3,65
67,Quentin Mathis,semper.cursus@erat.edu,2020-18-08,2,36
68,Luke Manning,ut.nec@pellentesquehabitant.ca,2020-17-15,1,50
69,Benjamin Haynes,gravida.molestie@molestietortor.com,2021-36-11,2,24
70,Bruce Farley,sed.id@nulla.org,2021-25-31,0,36
71,Camden Delgado,turpis.non@suscipitnonummyfusce.ca,2020-42-25,1,27
72,Mollie Buchanan,eu.metus@liberointegerin.ca,2022-04-02,0,32
73,Griffin Anderson,fermentum@ullamcorperviverra.com,2021-35-03,2,37
74,Noelle Briggs,et.arcu@idblandit.org,2022-41-02,0,30
75,Catherine Garcia,dolor.vitae.dolor@cras.co.uk,2022-51-22,0,68
76,Orlando Frazier,dictum.magna.ut@suspendissesagittis.ca,2022-54-21,2,33
77,Harding Guerrero,mi@venenatis.edu,2022-39-15,3,34
78,Mallory Griffin,consectetuer@ullamcorperviverra.ca,2021-56-16,1,46
79,Cheyenne Small,ac.turpis@leo.co.uk,2021-39-08,2,59
80,Martha Mcmahon,congue.turpis@atlacus.com,2021-36-19,2,49
81,Xandra Griffin,sit.amet@etiam.com,2022-20-12,2,31
82,Libby Wolfe,eu.ligula@sed.net,2020-39-27,2,36
83,Yvette Robertson,sagittis.nullam@lectusconvallis.edu,2021-48-05,1,41
84,Miranda Clemons,sed@amet.edu,2021-32-15,1,26
85,Lane Cooper,parturient.montes@aeneangravida.co.uk,2021-06-23,0,63
86,Brian Paul,arcu.sed@massasuspendisse.net,2022-01-12,2,54
87,Maile Rutledge,iaculis@elit.com,2022-00-24,2,25
88,Delilah Prince,proin.vel.arcu@consequatpurusmaecenas.co.uk,2021-33-22,1,59
89,Gavin Rogers,dui.suspendisse@odioauctor.org,2020-17-15,3,52
90,Maisie Campbell,vivamus@nullacras.net,2022-05-18,2,51
91,Lamar Gill,in.nec@sit.org,2022-05-11,1,62
92,Rashad Brady,vivamus.sit@nisicum.co.uk,2021-44-01,3,61
93,Wanda Herrera,malesuada.vel@enimdiam.edu,2020-07-30,0,44
94,Kennan Owen,tempus@vitaeorci.edu,2022-36-03,2,28
95,Garth Snyder,morbi.vehicula.pellentesque@auctor.org,2022-59-10,0,50
96,Lucy Kline,urna@tempusnonlacinia.org,2021-45-04,1,62
97,Benedict Savage,massa.integer@tincidunt.edu,2021-50-01,3,45
98,Kylan Blackwell,libero@ultricies.co.uk,2020-07-03,2,49
99,Nola Mcmahon,felis.purus@nequevenenatislacus.edu,2021-17-14,1,36
100,Karly Goodwin,donec.luctus@musproin.net,2021-12-16,1,20
101,Guy Roberson,tellus.justo.sit@fermentumvel.ca,2022-28-21,2,51
102,Oscar Barlow,eros.turpis.non@necmollis.com,2021-24-13,0,46
103,Murphy Roach,vitae@dictumproin.co.uk,2021-04-04,2,36
104,Darrel Burns,sed@euenim.edu,2021-09-14,1,43
105,Ivana Whitaker,ullamcorper.duis.at@consectetueradipiscing.edu,2022-17-23,1,49
106,Griffin Pena,nibh.donec@posuerecubilia.ca,2022-00-12,1,66
107,Oscar Hyde,facilisis@donecvitae.co.uk,2020-00-25,2,41
108,Orli Jimenez,egestas.nunc@eratvivamus.ca,2020-22-04,0,49
109,Vivian Gonzales,neque.et.nunc@odioauctor.edu,2020-40-12,2,48
110,Salvador Watkins,praesent.luctus@posuereat.co.uk,2021-54-07,3,56
111,Tamekah Boone,placerat.augue@quamvelsapien.edu,2021-09-16,1,65
112,Dara Bond,mi.fringilla@curabiturvel.edu,2021-01-04,0,45
113,Tashya Douglas,facilisis.suspendisse@ametrisus.org,2022-00-02,0,63
114,Troy Barlow,ultrices@acfermentum.net,2021-04-13,1,24
115,Ulla Holman,egestas.duis@nullam.com,2022-10-23,3,53
116,Sylvia Mcpherson,mauris.ipsum@hendreritneque.co.uk,2022-18-21,1,24
117,Grant Collier,aliquam.arcu.aliquam@euaugue.net,2022-47-19,1,36
118,David Terrell,interdum.feugiat@fringilla.net,2021-50-25,2,55
119,Chester Decker,neque.nullam@tortornunccommodo.org,2020-11-29,2,49
120,Kay Alvarado,eleifend.nec@ipsumleoelementum.com,2022-09-20,1,25
121,Connor Beach,nam.tempor.diam@loremipsumsodales.ca,2022-58-12,0,68
122,Alea Maynard,nam.ac.nulla@etrisus.net,2020-20-10,1,22
123,Scarlet Fletcher,nec.urna@nisicum.edu,2022-37-03,2,53
124,Aspen Harris,erat.vivamus@lacinia.edu,2021-47-24,1,44
125,Sarah Wells,rutrum.non@scelerisque.edu,2022-25-25,1,35
126,Arden Abbott,id.blandit@commodo.com,2021-18-14,1,24
127,Malcolm Tucker,risus.nulla@aliquamerat.org,2020-31-04,1,35
128,Rosalyn Curtis,curabitur.vel.lectus@vitaealiquam.net,2021-28-29,2,53
129,Ian Weeks,vel@eu.net,2021-03-15,1,24
130,Violet Mcneil,ullamcorper.viverra@aliquameu.ca,2021-29-18,3,62
131,Kato Black,nonummy.ac@quamvelsapien.net,2021-22-07,3,35
132,Dora Blair,fringilla.ornare.placerat@acliberonec.org,2021-40-27,0,24
133,Armand Lindsey,diam.duis.mi@nequetellus.edu,2021-11-18,1,64
134,Jason Wong,sit.amet.metus@semmollis.org,2022-09-23,2,55
135,Perry Barker,et@purus.ca,2021-34-01,1,40
136,Danielle Hunt,magna.phasellus@ac.co.uk,2021-07-30,3,56
137,Donna Odom,lorem.auctor@velturpis.com,2021-46-22,1,35
138,Jessamine Greer,neque.nullam.nisl@netuset.net,2021-20-17,1,43
139,Kaitlin Hubbard,ut.tincidunt.orci@sodalesat.com,2021-47-17,2,59
140,Kareem Cross,lacinia.at@sit.ca,2022-04-15,3,32
141,Ifeoma Charles,eros.non@eliterat.co.uk,2022-09-07,1,28
142,Owen Shelton,mi.felis@hymenaeosmauris.edu,2022-14-20,3,41
143,Jenette Skinner,elementum.at@feugiat.net,2021-57-08,0,31
144,Fleur Riddle,sit.amet@scelerisquelorem.org,2021-57-23,0,45
145,Tara Talley,luctus.aliquet@metus.net,2022-32-22,3,68
146,Rhona Sutton,sapien@tempordiam.co.uk,2022-39-03,2,61
147,Hanna Hunter,nam.interdum@tinciduntorci.edu,2021-35-09,1,35
148,Lewis Weber,ullamcorper.velit@orciin.org,2020-01-22,0,53
149,Penelope Howard,malesuada.fames@felis.net,2022-24-08,3,20
150,Tallulah Marks,ante.vivamus.non@sapiencras.com,2021-22-25,1,50
151,Erasmus Good,mollis.integer@tempus.org,2022-19-02,1,44
152,Regina Malone,phasellus.dapibus.quam@congueelit.edu,2021-40-02,0,29
153,Cecilia Stevens,nec@blanditcongue.com,2021-17-25,2,61
154,Harper Preston,erat.eget@temporaugueac.co.uk,2020-13-20,2,47
155,Leo Green,tempus.risus.donec@ami.co.uk,2021-48-27,1,37
156,Oleg Frank,facilisi.sed@ut.org,2022-22-13,3,65
157,Sybil Obrien,phasellus.ornare@anuncin.net,2022-33-14,2,41
158,Nell Norman,feugiat.lorem@cursusdiam.ca,2022-40-19,1,66
159,Kibo Fletcher,tincidunt.tempus@magnaetipsum.net,2021-09-20,2,41
160,Ariana Franks,et.tristique@blanditmattiscras.ca,2022-03-10,3,40
161,Medge Merrill,nunc.in.at@porttitor.ca,2022-29-16,1,66
162,Deacon Hamilton,a.tortor@hendrerita.ca,2022-28-01,2,50
163,Holmes Frost,ante.iaculis@ipsumporta.edu,2022-13-04,0,29
164,Brandon Baker,dolor.nulla.semper@lacusvestibulumlorem.net,2022-51-13,2,31
165,Nayda Morrison,ac.turpis@tincidunt.ca,2021-21-27,0,30
166,Karen Stark,arcu@dictum.edu,2021-57-19,2,23
167,Craig Tanner,vel.pede@lectusrutrum.edu,2022-09-17,2,55
168,Oleg Landry,fusce.aliquam.enim@nullaat.edu,2021-32-07,1,55
169,Cheyenne Meyers,parturient@sedauctor.co.uk,2022-38-30,1,33
170,Orson Nielsen,erat@dolordapibusgravida.com,2022-06-02,0,22
171,Andrew Hoover,et.rutrum@elementum.net,2021-18-17,2,68
172,Bo Stein,magna.cras.convallis@crasinterdum.ca,2021-29-21,3,56
173,Noelle Lamb,ligula.eu.enim@rhoncusnullam.edu,2021-09-30,0,21
174,Susan Shepherd,dignissim.maecenas@ante.com,2020-08-22,2,24
175,Charles James,donec.egestas@amalesuada.org,2021-00-16,1,45
176,Vaughan Gilbert,non.magna@luctusaliquet.co.uk,2022-55-25,3,26
177,Winifred Stevenson,ipsum.dolor.sit@at.ca,2022-29-23,2,64
178,Luke Sexton,in.magna.phasellus@a.ca,2021-16-03,3,41
179,Ulla Bird,ipsum.leo@venenatisvelfaucibus.com,2021-38-10,3,43
180,Cherokee Love,sagittis.lobortis@phasellusdapibusquam.co.uk,2021-40-23,2,53
181,Vivian Glover,cras.vehicula@at.net,2021-56-07,0,61
182,Helen Barker,phasellus.dolor@anteblandit.ca,2021-25-24,2,20
183,Carol Hunter,elit.pretium.et@ante.ca,2021-48-01,0,67
184,Lewis Emerson,nisi@dictumcursusnunc.ca,2021-46-24,1,34
185,Felix Cochran,ante.vivamus@metus.net,2021-20-06,1,44
186,Reece Hall,bibendum@suspendissesed.org,2021-58-17,1,44
187,Ayanna Ramos,in.dolor@quisquelibero.org,2022-44-31,1,25
188,Orli Gibson,dictum.cursus.nunc@egestas.net,2022-08-06,1,30
189,Ali Ortega,malesuada.vel@etipsum.ca,2020-06-25,1,66
190,Latifah May,ac.urna@tincidunt.co.uk,2021-19-17,2,23
191,Jermaine Tillman,diam.nunc@loremvehiculaet.com,2021-24-10,0,61
192,Bianca Sanders,odio@magna.edu,2022-24-07,3,56
193,Larissa Morris,nunc.ullamcorper@etiam.org,2021-30-29,1,58
194,Jenette Rosario,interdum.enim@vitaepurus.co.uk,2022-56-25,2,57
195,Sydney Branch,libero.proin@bibendumsed.com,2022-57-27,1,63
196,Cassandra Patrick,nec@duinec.com,2021-10-01,2,31
197,Deirdre Ball,fringilla.cursus@velitaliquam.net,2022-05-09,2,21
198,MacKenzie Velazquez,turpis.vitae@dictum.net,2022-00-26,2,36
199,Lee Oneil,ac.risus.morbi@metussit.ca,2022-07-20,1,27
200,Phelan Curtis,rhoncus.id.mollis@duinectempus.ca,2022-36-20,0,56
201,Susan Serrano,nascetur.ridiculus@aliquetnec.ca,2021-46-14,0,28
202,Maryam Campos,elementum@urnaconvallis.org,2020-08-22,2,45
203,Nissim Rush,neque.nullam.nisl@pharetraut.ca,2021-56-12,0,69
204,Tiger Lawrence,integer@aliquetvel.ca,2022-07-30,3,25
205,Edward Blankenship,nunc.sollicitudin@actellus.co.uk,2021-14-26,2,58
206,Elmo Delgado,orci.in.consequat@nonsollicitudin.com,2022-23-26,2,46
207,Hayden Burch,sit.amet@suspendissetristique.ca,2020-00-05,3,46
208,Ronan Kirby,sed.sapien@auctorvitaealiquet.edu,2020-11-09,2,39
209,Fatima Deleon,pede.sagittis.augue@fuscedolor.edu,2021-52-22,1,28
210,Penelope Mckinney,sodales.purus@loremac.ca,2022-29-05,3,64
211,Ezra Oconnor,feugiat.metus@venenatislacus.net,2022-48-19,2,59
212,Deanna Preston,lorem.tristique@quisquepurus.edu,2021-04-22,1,28
213,Rahim Molina,interdum.enim@inlobortis.com,2022-13-25,2,21
214,Hyatt Rhodes,curae@aauctor.co.uk,2021-04-13,2,21
215,Jorden Coffey,in.lobortis@suspendisse.ca,2021-13-01,1,58
216,Carolyn Cross,sem@laciniasedcongue.net,2021-46-29,2,30
217,Marsden Briggs,dolor.elit@accumsan.co.uk,2022-20-17,0,45
218,Shelly Powers,semper.dui@donec.ca,2022-41-23,2,58
219,Channing Roman,est.mollis@enimcondimentumeget.co.uk,2020-06-21,3,56
220,Bethany Turner,mattis@quisquefringilla.net,2022-31-08,2,37
221,Venus Jensen,non.egestas.a@antedictum.com,2020-42-11,2,31
222,Chaim Blackburn,amet@vitaesodalesnisi.co.uk,2020-39-27,0,52
223,Liberty Norton,sapien.aenean@aodio.net,2022-06-15,3,70
224,Castor Dillon,fusce@maecenasmalesuada.co.uk,2021-08-19,3,25
225,Alma Ortiz,donec.consectetuer@quisquepurussapien.com,2022-42-06,2,43
226,Colin Banks,ultrices@venenatisvelfaucibus.net,2022-26-20,3,53
227,Aline Park,at@massainteger.net,2022-35-23,3,39
228,Sonia Cox,amet.lorem.semper@interdumsed.ca,2022-30-17,1,67
229,Silas Norris,risus.donec.egestas@adipiscing.ca,2021-34-09,2,60
230,Kelly Daugherty,pellentesque@leoelementum.co.uk,2021-10-18,1,23
231,Sharon Horn,elit.curabitur@maurissagittis.co.uk,2020-41-07,1,51
232,Minerva Greene,ut.aliquam.iaculis@justoeuarcu.org,2022-47-24,3,65
233,Vivien Durham,non.nisi@enim.org,2021-46-02,3,51
234,Kirby Sparks,eu.tempor@pellentesque.ca,2022-34-25,0,39
235,Kadeem Walton,malesuada.malesuada@mollisphasellus.ca,2022-57-21,2,46
236,Gwendolyn Reese,risus@nullasempertellus.org,2022-16-05,2,41
237,Tad Mckay,tincidunt.aliquam.arcu@lectus.com,2021-04-13,2,44
238,Geoffrey Leach,augue.scelerisque@erat.co.uk,2022-31-21,2,28
239,Orlando Townsend,et.rutrum@cursusnon.co.uk,2022-43-12,1,27
240,Signe Livingston,luctus.et@cursusa.com,2020-47-02,2,39
241,Ignatius Bright,molestie.sodales@etnuncquisque.org,2022-53-10,1,48
242,Darrel Humphrey,sapien.aenean@aliquamornare.com,2022-01-15,2,42
243,Stella Guerrero,phasellus.vitae.mauris@pedeetrisus.co.uk,2022-28-02,1,24
244,Rudyard Phelps,proin.nisl.sem@tristiqueac.co.uk,2021-40-06,0,51
245,Bianca Blankenship,nec.orci.donec@justoeuarcu.net,2021-04-01,1,52
246,Leah Parker,amet.luctus@mifelis.co.uk,2021-43-12,1,68
247,Mari Rosario,proin.vel@lectuspedeultrices.org,2021-56-22,0,27
248,Micah Copeland,vel.est.tempor@vulputatelacuscras.org,2020-10-14,0,36
249,Moana Weber,suspendisse.eleifend@acfeugiat.com,2022-30-11,0,56
250,Beau May,semper.auctor@nullasempertellus.org,2020-58-15,1,22
251,Aladdin Ayers,eget.massa.suspendisse@diamdictumsapien.ca,2022-09-02,2,40
252,Tamara Campos,ut.nisi.a@pedepraesent.org,2022-08-03,2,43
253,Ria Campos,ligula.elit@orcilobortisaugue.ca,2021-48-13,0,36
254,Dora Fitzgerald,nisi.aenean@namporttitor.net,2021-57-01,2,60
255,Oleg Compton,diam.lorem@aodiosemper.co.uk,2021-40-18,2,39
256,Graiden Osborne,velit.eget@auctorullamcorper.com,2022-37-30,3,41
257,Ori Conrad,mauris@blandit.com,2021-38-03,0,26
258,Roanna Mcdaniel,pellentesque.tincidunt@nuncnullavulputate.ca,2022-05-15,2,46
259,Karina Lester,quis.urna@enimcondimentumeget.net,2021-58-15,3,49
260,Belle Rogers,mollis.integer@nonbibendum.org,2020-50-15,0,57
261,Kiona Wade,proin.non@malesuadafames.edu,2021-13-04,1,51
262,Hakeem Lancaster,gravida.aliquam.tincidunt@tellus.co.uk,2021-29-23,1,35
263,Katell Tyson,ipsum.dolor.sit@dictumcursus.co.uk,2021-32-18,2,55
264,Leigh Reid,in@accumsan.com,2020-48-14,2,51
265,Ifeoma Chapman,fermentum@malesuada.ca,2020-46-22,1,60
266,Clark Davenport,odio.auctor@dapibus.net,2022-02-04,1,43
267,Macaulay Valenzuela,libero.proin.sed@turpisegestas.edu,2021-51-07,3,21
268,Alexis Pena,ut.odio@crasdolor.org,2022-06-13,0,24
269,Armando Hodge,orci.luctus@praesent.ca,2022-15-21,2,23
270,Carlos Bennett,eu.odio@etmagnis.org,2021-03-08,1,52
271,Kieran Cantu,dolor.nonummy.ac@dignissimtempor.ca,2020-38-16,1,23
272,Aaron Alston,varius@fuscefermentumfermentum.edu,2021-56-03,2,24
273,Yasir Raymond,erat.eget@euismodac.net,2021-57-11,2,22
274,Aquila Church,mollis@blanditnamnulla.org,2021-20-10,3,32
275,Fitzgerald Cook,risus@natoque.edu,2021-06-23,1,34
276,Lionel Santiago,commodo.auctor.velit@magnisdis.ca,2020-01-08,1,46
277,Galvin Calhoun,tellus.justo.sit@penatibus.edu,2021-15-07,2,52
278,Maxwell Cotton,duis@dapibusid.co.uk,2021-24-19,1,47
279,Hop Bauer,arcu@vellectuscum.ca,2022-43-03,1,30
280,Quinn Long,semper@diamproin.org,2022-58-02,2,26
281,Sonya Frazier,dolor@pede.edu,2022-47-15,2,58
282,Ivy Fuller,ante.lectus@purusac.org,2021-35-04,3,29
283,Austin Santana,fusce.aliquet@vulputate.co.uk,2021-08-19,1,31
284,Solomon Baldwin,vel.vulputate@phasellusfermentumconvallis.org,2021-15-09,2,26
285,Hillary Hobbs,pellentesque.sed@dolordonecfringilla.co.uk,2021-36-10,3,48
286,Kennan Fry,nunc.nulla@molestietellusaenean.net,2021-22-27,2,51
287,Kelsey Whitley,pede.cras.vulputate@tortornunccommodo.com,2021-26-13,3,55
288,Daryl Molina,odio.aliquam@elementumpurus.com,2022-43-26,0,47
289,Hayes Navarro,aliquet.proin.velit@nuncsedpede.org,2020-49-23,2,34
290,Jackson Mueller,curabitur.massa@nisidictum.ca,2022-29-17,3,50
291,Gemma Harper,imperdiet@ornarefusce.org,2021-44-25,3,43
292,Hyatt Swanson,libero.proin@diamsed.com,2022-12-18,1,67
293,Yasir Vaughan,felis.ullamcorper@acorci.net,2021-06-22,3,53
294,Ashely Kirby,in.consequat@mauris.org,2021-38-29,1,60
295,Carla Nelson,hendrerit.neque@imperdiet.ca,2022-03-15,0,47
296,Simon Bradshaw,quis@uttincidunt.com,2021-54-01,2,53
297,Kenneth Briggs,egestas.fusce@neque.edu,2021-35-20,2,68
298,Virginia Cook,auctor.non.feugiat@nullainterdum.co.uk,2021-03-08,1,34
299,Jada Townsend,erat.semper@purusmaecenaslibero.org,2022-30-12,3,49
300,Uriel Cantrell,nec.luctus@etipsum.edu,2021-38-26,1,27
301,Evan Snow,proin.eget.odio@nullaaliquet.net,2021-06-05,0,57
302,Fredericka Caldwell,libero.donec@sitametorci.ca,2021-10-09,3,50
303,Callie Conley,nec.ante.blandit@eteros.edu,2021-38-22,0,41
304,Robin Farmer,lacus.varius@quisquefringillaeuismod.org,2021-07-24,1,34
305,Knox Keith,ipsum.donec.sollicitudin@parturientmontes.com,2021-06-25,1,29
306,Nolan Soto,quis.diam.pellentesque@dictum.net,2022-14-07,3,61
307,Sage Alvarado,vestibulum.ante.ipsum@praesenteu.net,2021-49-12,2,63
308,Jena Marquez,metus.in.nec@pellentesqueegetdictum.com,2022-31-28,1,46
309,Garth Patton,tellus.eu@etmalesuada.edu,2020-15-26,3,59
310,Eaton West,pede.malesuada.vel@nonummy.co.uk,2021-52-10,2,29
311,Zane Levine,in.cursus.et@tinciduntnunc.net,2021-45-30,3,41
312,Sade Juarez,vitae.dolor@velitaliquam.org,2021-15-06,3,52
313,Andrew York,diam@nondui.org,2022-51-29,2,25
314,Charles French,consequat.purus@purussapiengravida.org,2022-15-23,1,70
315,Uta Thornton,duis.risus.odio@maecenas.edu,2022-28-31,0,33
316,Lester Tate,molestie@nislquisque.co.uk,2021-46-08,1,27
317,Freya Kerr,elit.erat.vitae@vulputaterisus.edu,2021-35-16,1,27
318,Xenos Mcfadden,cursus.non@tellussuspendissesed.edu,2022-28-09,2,34
319,Upton Montoya,nulla.tempor.augue@tempus.co.uk,2021-08-22,2,34
320,Garth Whitley,blandit.mattis@arcuvestibulum.co.uk,2022-45-22,0,65
321,Colt Campos,augue.scelerisque@sit.net,2021-05-06,1,31
322,Merrill Larsen,pharetra.nibh@parturientmontes.co.uk,2021-10-26,2,35
323,Victoria Skinner,eu.placerat@ligulanullamfeugiat.edu,2021-02-23,3,24
324,Kyra Henson,eleifend.cras.sed@egestashendrerit.edu,2022-05-04,1,37
325,Phillip Lawson,lorem.tristique@eleifendegestas.net,2021-27-17,3,50
326,Angelica Copeland,in.aliquet.lobortis@justonecante.net,2022-43-19,0,23
327,Brenda Burks,sollicitudin.adipiscing@sitamet.ca,2021-28-12,3,45
328,Honorato Roberts,erat.semper.rutrum@felis.com,2021-20-08,2,39
329,Kelsie Slater,dolor.tempus.non@suspendisseeleifend.org,2021-23-04,2,31
330,Chanda Stafford,suspendisse.sagittis.nullam@etiam.ca,2021-27-26,0,50
331,Hall Gould,non.dapibus@aliquetdiamsed.org,2021-52-28,2,67
332,Wendy Ortega,egestas.duis.ac@sociisnatoque.org,2022-42-01,0,41
333,Amy Vega,libero@etmagnisdis.edu,2021-28-24,2,42
334,Hammett Houston,convallis.ante.lectus@bibendumsedest.edu,2022-43-15,1,52
335,Noble Wolf,magna.sed@tristique.net,2021-06-11,0,66
336,Kenyon Mccoy,nunc@erateget.co.uk,2020-16-21,3,62
337,Lewis Hogan,massa.suspendisse@posuereatvelit.co.uk,2020-28-17,1,39
338,Kaye Goodman,neque.tellus@sagittisduisgravida.com,2022-09-31,0,28
339,Hillary Short,cum.sociis.natoque@erosturpis.net,2022-41-23,0,50
340,Mikayla Glover,at.libero.morbi@ac.co.uk,2021-48-11,2,34
341,TaShya Lee,nibh.sit@phasellusin.co.uk,2021-35-06,2,54
342,Jordan Bernard,ipsum@justoeuarcu.net,2021-59-04,0,21
343,Tad Mcmillan,vitae@posuere.com,2021-28-31,0,30
344,Noelle Silva,ac.mattis@luctuset.net,2022-13-27,1,34
345,Quon Cabrera,adipiscing.fringilla@odioetiam.edu,2020-28-18,2,22
346,Gil Dorsey,non@malesuadamalesuada.co.uk,2021-29-08,2,68
347,Lucian Peck,aenean@adipiscingelit.ca,2022-52-21,0,31
348,Rhoda Scott,massa.quisque.porttitor@phasellus.edu,2020-33-04,3,23
349,Amethyst Mccoy,quis.pede@iaculisquispede.org,2022-15-30,3,44
350,Latifah Ayala,semper.cursus@cum.edu,2022-04-24,1,68
351,Isaac Reynolds,enim.diam.vel@dolordonec.com,2022-35-28,1,56
352,Larissa Roman,nunc.quis@metus.ca,2021-56-19,1,37
353,Olivia Woodward,nec@ullamcorpermagnased.org,2021-21-23,1,23
354,Jarrod Skinner,nec.ligula@nonleo.co.uk,2022-45-01,3,67
355,Beck Fernandez,dis@mattis.com,2021-14-19,3,52
356,Kennedy Holcomb,eu.tellus@nisicum.net,2021-37-21,3,46
357,Virginia Perkins,nisl.nulla@atvelit.ca,2021-37-28,2,30
358,Geoffrey Kirkland,nec.tempus.scelerisque@pretium.co.uk,2022-35-19,0,56
359,Quon Hobbs,sit.amet.lorem@donec.edu,2020-32-06,1,57
360,Mia Franco,proin@vitaevelitegestas.com,2021-32-10,0,58
361,Uta Buckner,nec.ligula@nulla.com,2021-48-13,2,61
362,Kiara Simmons,gravida@condimentumdonecat.ca,2021-18-18,1,23
363,Carol Dillard,felis@orciluctus.com,2021-13-11,1,52
364,Carissa Donaldson,malesuada.malesuada@eleifendnec.co.uk,2020-58-11,2,50
365,Austin Burgess,aliquam.enim@arcueu.net,2021-08-13,1,57
366,Gray Walton,vehicula.aliquet@inmolestie.com,2021-14-14,2,33
367,Germane Guy,curae.phasellus@sagittisplacerat.net,2021-33-14,0,59
368,Odette Contreras,eu.tellus@nullainteger.ca,2021-29-23,2,29
369,Leo Mccormick,nec.euismod@fringilla.edu,2022-58-22,1,50
370,Declan Rush,nunc.sed.pede@quamcurabitur.ca,2021-25-10,0,58
371,Christine Chambers,justo.sit@aeneaneget.co.uk,2022-55-07,1,52
372,Kiona Leblanc,est.nunc.ullamcorper@sed.com,2021-03-20,3,42
373,Britanni Mathews,elementum.at.egestas@fringillaeuismod.edu,2020-03-24,3,25
374,James Orr,eget.metus@afelisullamcorper.com,2020-26-21,1,31
375,Priscilla Hines,mi.ac@vestibulumneceuismod.co.uk,2022-26-15,0,40
376,Emery Wood,turpis.vitae@diamseddiam.com,2021-31-30,2,64
377,Amena Johnston,tellus@arcusedeu.ca,2020-13-19,0,34
378,Tyrone Schroeder,metus.in@nonarcu.co.uk,2021-49-28,1,25
379,Daniel Decker,aliquam@enimmaurisquis.net,2021-41-01,3,67
380,Lance Silva,montes.nascetur.ridiculus@tincidunt.net,2021-39-08,2,28
381,Beau Powell,ipsum@netuset.org,2022-07-22,1,44
382,Moses Walker,mi.tempor.lorem@dolorelit.net,2020-01-08,1,63
383,Hanna Crane,ut@libero.ca,2021-52-24,1,45
384,Keith Cline,nibh.sit.amet@variusnam.edu,2021-36-27,1,30
385,Plato Byrd,fusce.mollis.duis@turpisegestasfusce.co.uk,2020-56-08,2,28
386,Jason Burgess,diam.sed.diam@vulputateposuere.org,2021-24-28,2,34
387,Rylee Stuart,velit.eget@pellentesquehabitant.co.uk,2021-05-27,1,65
388,Isaiah Fischer,mauris@feugiat.co.uk,2022-35-04,1,61
389,Bradley Baird,tristique.senectus@pedenecante.com,2021-18-02,0,31
390,Michelle Jennings,sed@maecenasiaculis.ca,2022-38-22,1,64
391,Igor Padilla,egestas.blandit@curabiturvellectus.co.uk,2021-03-05,2,21
392,Maite Good,aliquam.eros@utipsum.co.uk,2022-59-02,1,54
393,Aladdin Frye,erat.nonummy@sedhendrerit.net,2020-34-27,3,53
394,Akeem Mcfadden,mi.lorem.vehicula@inceptoshymenaeos.ca,2021-56-06,1,34
395,Charlotte Spencer,enim@phasellusornare.org,2021-05-01,1,43
396,Dawn Richmond,luctus@antedictumcursus.ca,2022-49-01,1,29
397,Vernon Kinney,in.faucibus@nisidictumaugue.net,2021-54-25,0,65
398,Candice Nieves,egestas.lacinia@vitaevelit.edu,2021-52-29,1,33
399,Regina Langley,vel@seddolor.com,2021-25-27,0,52
400,Hu Henderson,fusce.dolor@tristiquepellentesque.ca,2021-28-31,3,36
401,Daquan Barlow,ante.ipsum.primis@quisdiampellentesque.ca,2021-54-07,1,26
402,Reece Lynn,orci.ut.semper@imperdietnon.com,2022-17-15,1,41
403,Byron Sparks,faucibus.orci@aliquetlobortisnisi.edu,2021-14-18,3,56
404,Dennis Lara,lorem.ipsum@praesenteunulla.ca,2021-53-27,2,44
405,Tana Justice,euismod.urna@loremluctus.co.uk,2021-48-28,1,37
406,Amber Rose,posuere.vulputate.lacus@ut.edu,2022-05-11,0,33
407,Denise Burns,nulla.interdum@nisiaenean.org,2022-10-12,0,56
408,Dahlia Greer,orci.ut.sagittis@lorem.com,2022-31-28,2,49
409,Edan Massey,sagittis.lobortis@arcuvivamussit.ca,2022-48-14,0,42
410,Lillian Kent,phasellus@ac.edu,2021-54-05,3,40
411,Halee Woodward,ut.mi@maecenasiaculisaliquet.org,2022-21-11,1,49
412,Libby Mendez,mauris.sagittis@curabiturvel.com,2020-16-19,0,51
413,Lysandra Horton,etiam@fuscedolor.com,2021-49-17,3,37
414,Neil Fitzgerald,vel.arcu@liberolacus.ca,2021-50-22,2,34
415,Jada Lester,risus.morbi.metus@consequatauctor.com,2021-45-17,2,22
416,Ignatius Green,nunc@diamloremauctor.org,2022-27-31,0,70
417,Gavin Nolan,ultricies@quisarcuvel.net,2022-02-04,1,29
418,Christopher Knox,suspendisse.aliquet@lorem.org,2021-49-02,1,70
419,Lois Garcia,facilisi.sed@nibhlaciniaorci.org,2021-00-23,2,30
420,Sacha Dominguez,morbi.sit.amet@cursusnunc.net,2021-42-25,2,42
421,Norman Hanson,mauris.elit.dictum@turpisnecmauris.com,2020-45-08,2,26
422,Claire Rogers,amet.luctus@purusmauris.com,2021-48-10,0,26
423,Griffin Dixon,hendrerit.id@atlacus.net,2021-06-22,0,34
424,Heidi Carney,dictum@disparturient.com,2021-59-24,2,66
425,Harlan Lara,dignissim.maecenas@ipsumacmi.net,2022-33-19,2,64
426,Alika Cabrera,auctor.non@magna.net,2021-58-01,3,66
427,Samson Duffy,lectus.rutrum@aliquameuaccumsan.net,2020-35-01,1,45
428,Quentin Mayo,ullamcorper.duis.at@eulacus.net,2021-43-24,2,63
429,Abigail Elliott,purus@consectetuereuismodest.co.uk,2020-47-31,1,68
430,Inga Barlow,ultrices.vivamus.rhoncus@duicumsociis.co.uk,2022-48-14,2,47
431,Kirsten Combs,augue.id.ante@fuscealiquetmagna.net,2021-31-28,2,42
432,Jenette Lowe,integer@nostraper.net,2021-30-08,3,27
433,Jillian Farmer,aliquet.nec@lobortisclass.net,2021-54-24,1,43
434,Chester Kirkland,at.fringilla.purus@sapien.edu,2021-25-13,1,41
435,Yvette Greer,ut.ipsum.ac@eget.co.uk,2020-53-04,3,63
436,Kim Wise,felis.purus@acturpis.edu,2022-58-25,3,51
437,Kellie Leonard,et.malesuada@pellentesque.org,2022-53-25,2,62
438,Dawn Barrera,magna.lorem@orcisemeget.ca,2021-07-07,3,56
439,Lee Hamilton,risus.varius@necquam.net,2022-04-10,1,62
440,Violet Barton,eget.metus@velvulputate.co.uk,2021-04-02,2,57
441,Imelda Ochoa,ac.mattis@scelerisque.org,2022-19-28,3,46
442,Indigo Lindsey,commodo.tincidunt@adlitora.edu,2021-45-08,3,68
443,Amery Mcdonald,ultricies@acmattissemper.com,2021-52-01,2,69
444,Lacota Morse,aenean.egestas@egestasligulanullam.org,2020-12-26,2,56
445,Zeph Battle,est.nunc@nullacras.net,2020-40-17,1,30
446,Jeremy Fisher,elementum.dui@suscipitnonummyfusce.edu,2020-36-21,1,38
447,Urielle Benton,tellus@aliquamnec.edu,2022-09-10,1,30
448,Warren Warner,interdum@nisia.co.uk,2021-03-17,2,47
449,Kiara Scott,ipsum.primis@loremvehiculaet.co.uk,2022-17-28,3,60
450,Ivy Wilkinson,sodales@sapienimperdiet.net,2022-06-11,2,44
451,Gareth Curtis,et.netus@arcuimperdietullamcorper.co.uk,2021-26-21,2,41
452,Jin Justice,eu.arcu.morbi@duiscursusdiam.net,2022-53-10,3,29
453,Calvin Phelps,est.ac.mattis@ornarein.org,2021-09-12,2,44
454,Samuel Ortega,posuere.enim@velitjusto.com,2022-31-08,0,65
455,Hedda Bernard,sed.congue@duis.com,2021-55-10,3,42
456,Carolyn Hicks,erat.nonummy@laoreet.edu,2021-50-23,2,45
457,Brock Robinson,aenean@dolorvitae.edu,2022-19-01,1,54
458,Alexandra Cooley,enim@aliquetmetusurna.ca,2022-49-02,0,24
459,Blake Crane,diam.dictum.sapien@egestaslacinia.com,2021-37-28,2,69
460,Brennan Blake,ipsum.suspendisse.sagittis@tempor.com,2022-03-20,1,23
461,Guy Hopper,curabitur.dictum.phasellus@metusinlorem.ca,2021-35-18,1,66
462,Macon Mosley,luctus.curabitur@donec.com,2022-22-24,1,45
463,Carson Moore,mauris.eu@porta.com,2022-24-30,1,44
464,Hermione Baker,turpis.aliquam@sedorcilobortis.ca,2021-21-18,2,26
465,Kimberly Stout,dui@orcilobortis.edu,2021-44-03,1,20
466,Tucker Shannon,mi@curabitur.org,2022-05-23,3,44
467,Alec Fields,enim.condimentum@tristiquenequevenenatis.co.uk,2021-50-27,1,51
468,Kennedy Rosa,per@etiamvestibulummassa.edu,2021-16-05,2,34
469,Zachary Wiggins,nec.imperdiet.nec@eratvolutpat.net,2021-46-28,2,43
470,Roth Hunter,risus.odio@vulputate.ca,2022-14-21,1,56
471,Velma Fischer,neque@duis.org,2021-24-28,2,61
472,Zenaida Owens,lectus.rutrum@dignissim.edu,2022-49-08,2,49
473,Pascale Lewis,accumsan.interdum@pharetrafelis.ca,2022-40-05,0,41
474,Urielle Ramirez,diam.eu.dolor@donecegestasaliquam.net,2022-11-06,1,32
475,Ali Key,egestas.duis.ac@eu.ca,2021-30-11,1,66
476,Shad Johnston,nulla.vulputate.dui@in.edu,2022-28-12,1,33
477,April Blanchard,phasellus.vitae.mauris@lectussitamet.co.uk,2020-11-12,3,58
478,Hamilton Hansen,scelerisque.neque@odioetiam.org,2021-17-04,3,61
479,Ivory Hubbard,aliquam.ultrices@aliquamnislnulla.net,2021-45-01,3,35
480,Patience Maddox,proin.non@elementumlorem.edu,2021-53-21,1,50
481,Nicholas Justice,urna.vivamus@orciquis.com,2021-34-11,2,34
482,Emi Kelley,feugiat.metus.sit@nullainteger.org,2022-11-03,1,23
483,Quemby Mcfarland,a.dui@semperrutrumfusce.com,2022-11-08,0,22
484,Darryl Walton,penatibus.et.magnis@atvelitpellentesque.com,2022-57-29,2,53
485,Camille Shepherd,sed.hendrerit.a@aliquetlobortisnisi.com,2021-08-20,3,21
486,Quinlan Alexander,quisque.imperdiet@venenatisvel.com,2022-35-23,1,30
487,Graiden Harrington,pellentesque.sed@ipsum.net,2020-22-09,0,24
488,Zelenia Ayers,posuere.at.velit@lectusnullamsuscipit.co.uk,2021-04-05,0,26
489,Delilah Gardner,per@blanditviverra.ca,2021-02-08,3,57
490,Evelyn Valdez,velit.pellentesque@inceptoshymenaeos.org,2020-42-25,3,33
491,Lani Curry,nulla.integer@metussitamet.org,2020-36-25,1,31
492,Rana Tillman,ultricies.ligula@risusodio.org,2022-41-01,1,39
493,Vanna Holcomb,cras.dolor@eleifendnon.net,2021-55-02,0,23
494,George Morales,ullamcorper.duis.at@magnaut.ca,2021-18-01,2,55
495,Venus Norris,elementum@mattisvelit.co.uk,2021-25-21,1,23
496,Brent Jensen,dui.cum.sociis@turpis.org,2022-31-06,1,63
497,Davis Conley,aenean.euismod.mauris@interdum.com,2021-54-06,2,68
498,Valentine Grimes,dui@enim.edu,2021-41-29,2,60
499,Hermione Bradshaw,tincidunt.nunc.ac@sedet.ca,2021-32-21,0,66
500,Leah Ware,egestas@quisquevarius.ca,2021-32-24,2,40
501,Cleo Horton,nisi@duis.org,2021-08-31,1,58
502,Herman Golden,pellentesque@ullamcorperduiscursus.ca,2021-35-18,1,33
503,Timon Mcclain,primis.in.faucibus@mipedenonummy.net,2022-14-01,3,24
504,Andrew Gonzales,eros@nuncidenim.edu,2020-18-13,0,22
505,Perry Spears,eu.sem@diamat.edu,2022-22-17,1,46
506,Illana Wilcox,tincidunt.vehicula@nectempusmauris.net,2021-49-03,3,43
507,Audrey Byrd,erat.eget@convallisestvitae.ca,2021-29-14,0,24
508,Noelani Langley,a.aliquet@laciniamattis.edu,2020-02-22,1,49
509,Isaac Mcmahon,nullam.suscipit@rutrummagna.net,2020-57-31,1,47
510,Zephr Morin,imperdiet.non.vestibulum@non.org,2020-31-26,0,27
511,Elijah Conner,nibh.donec@ligulaaliquam.com,2021-34-06,1,65
512,Lewis Golden,facilisis.non.bibendum@eratsemper.com,2021-20-14,3,28
513,Amery Morgan,nullam.scelerisque.neque@nonummyipsum.org,2022-08-17,2,61
514,Ethan Mccall,eu.accumsan.sed@ipsumnon.edu,2022-45-06,1,69
515,Alea Hardin,vel.pede@asollicitudinorci.org,2022-32-19,1,50
516,MacKensie Erickson,ipsum.nunc.id@pretium.net,2021-25-15,3,67
517,Zeph Bush,non.quam.pellentesque@ac.co.uk,2021-33-03,2,49
518,Alec Tillman,nec.ante.blandit@intincidunt.com,2022-24-11,0,33
519,Adria Grimes,nec.euismod@etmagnisdis.net,2021-46-12,2,30
520,Graiden Hawkins,lacinia.vitae@donecelementum.net,2021-07-29,2,46
521,Zephania Osborn,ultrices.iaculis.odio@natoquepenatibus.net,2022-06-11,0,66
522,Blake Harmon,in.lorem@pellentesquetellus.edu,2021-30-12,2,28
523,Suki Melton,proin.vel.nisl@elitnullafacilisi.ca,2020-29-09,1,55
524,Aileen Erickson,sed.leo.cras@et.com,2022-32-23,2,26
525,Devin Short,eu@adipiscing.co.uk,2021-25-09,1,65
526,Ira Camacho,ad.litora.torquent@nascetur.net,2021-15-02,0,42
527,Lance Brock,velit@duiquis.ca,2021-48-02,1,69
528,Reuben Kane,sit@malesuadavel.co.uk,2021-30-09,1,58
529,Jescie Charles,id.ante.dictum@variusultrices.co.uk,2021-23-31,2,58
530,Dane Suarez,sed.eget.lacus@nulladignissim.co.uk,2022-11-31,2,22
531,Zephr Farrell,velit.in@sitamet.net,2021-04-15,3,28
532,Wynne Beach,risus.duis.a@elit.co.uk,2021-38-17,2,50
533,Nathan Hanson,per.conubia@aultriciesadipiscing.edu,2022-19-23,2,62
534,Reed Harrington,metus.aliquam@ridiculusmusaenean.org,2021-38-09,2,57
535,Dante Barnett,in.tincidunt@dictumultricies.co.uk,2022-28-18,3,52
536,Malcolm Gibbs,donec.dignissim@egestasaliquamnec.com,2021-09-05,2,34
537,Patricia Sherman,dolor.dapibus@maurisquisturpis.com,2020-35-20,2,54
538,Len Lester,cum@auguesed.co.uk,2022-23-26,2,57
539,Quamar Lott,et.magna.praesent@maurisinteger.ca,2021-07-06,2,54
540,Freya Avery,orci.luctus@mialiquamgravida.net,2022-20-07,2,28
541,Marsden Wiggins,lorem.luctus@ipsumnon.org,2021-59-20,3,51
542,Elliott Peterson,faucibus@morbitristique.net,2021-59-23,3,45
543,Veda Hess,in.tempus@tinciduntpede.net,2022-41-05,0,69
544,Axel Knapp,dictum@tellussem.org,2022-44-13,0,67
545,Jana Sawyer,a@ipsumcurabiturconsequat.com,2022-52-12,2,49
546,Emery Robbins,accumsan.neque.et@feugiat.net,2022-11-02,1,65
547,Camden Gray,etiam@amagnalorem.org,2022-04-02,3,61
548,Leslie Patterson,nec.tempus.scelerisque@rhoncusid.net,2021-36-05,3,28
549,Addison Campos,malesuada.malesuada@molestiepharetranibh.net,2021-44-30,0,36
550,Yvette Church,luctus@magnanec.co.uk,2022-11-16,0,49
551,Lucian Stout,proin.vel.nisl@magnisdisparturient.com,2022-04-24,3,32
552,Hilel Dorsey,vel.sapien@dapibusrutrum.ca,2021-00-29,2,60
553,Myles Espinoza,arcu.et@interdum.edu,2020-23-24,1,62
554,Chaim Gay,egestas.a.scelerisque@cumsociis.org,2021-23-25,2,47
555,Savannah Graham,urna.justo.faucibus@sapienaenean.org,2022-31-23,2,66
556,Irma Chavez,lobortis.quam@suspendisse.co.uk,2022-53-17,2,61
557,Lamar Garner,ultricies.sem.magna@tempor.org,2021-28-22,3,20
558,Sean Bruce,eu.metus@lectus.net,2021-41-16,2,36
559,Nevada Bishop,turpis.non@eutempor.com,2021-49-29,2,34
560,Joan Schroeder,dolor.fusce.feugiat@accumsansed.co.uk,2020-57-16,2,67
561,Slade Kerr,ac.urna@hymenaeos.org,2022-51-20,3,24
562,Nayda Wilder,rutrum.non@aliquetdiam.edu,2022-36-21,2,64
563,Paki Barton,nam.tempor@morbivehiculapellentesque.org,2021-07-11,3,38
564,Guinevere Knapp,cras.convallis@congueturpis.edu,2021-40-16,1,62
565,Vernon Mcdonald,ornare.egestas@proinnon.net,2021-33-28,3,63
566,Aimee Bradley,pede@sem.ca,2021-18-20,2,28
567,Alyssa Gamble,aliquam.auctor@ornaretortorat.com,2021-24-18,2,22
568,Heather Nelson,et.magnis.dis@ametlorem.edu,2021-35-17,3,52
569,Kylie Trujillo,sed@dapibusquam.edu,2021-32-04,3,40
570,Jarrod Turner,ultrices.iaculis.odio@atpretium.org,2021-34-08,2,70
571,Isaac Gilbert,egestas@sedsapien.net,2022-06-16,0,53
572,Fredericka Burnett,lorem@a.edu,2021-48-12,1,41
573,Connor Jordan,vestibulum.neque@semelit.ca,2022-37-12,2,69
574,Gabriel James,diam.nunc@maurisrhoncusid.co.uk,2021-12-16,0,45
575,Eaton Cochran,risus.donec@sapien.co.uk,2021-52-23,2,64
576,Grace Schmidt,vel.venenatis@aliquamenimnec.edu,2021-04-16,1,42
577,Vivian Lopez,lorem.tristique.aliquet@dolor.ca,2022-06-21,0,59
578,Tate Lester,phasellus.ornare@tellusphaselluselit.org,2021-53-25,2,67
579,Daquan Terrell,donec.nibh.quisque@nibhdonec.co.uk,2021-26-02,2,27
580,Noah Keith,massa.quisque.porttitor@integer.ca,2021-57-14,0,50
581,Aladdin Huff,malesuada.fames@morbimetus.org,2020-17-04,2,54
582,Mercedes Jacobs,blandit.enim.consequat@arcuvestibulumante.net,2020-23-26,1,31
583,Sylvester Hood,amet@lobortisnisi.edu,2022-28-01,1,44
584,Chastity Welch,eu.eros@rutrumjusto.co.uk,2022-38-08,1,38
585,Brett Bolton,in.scelerisque@idblandit.org,2021-42-27,1,39
586,Ashton Campos,mauris@quisqueornaretortor.ca,2022-03-26,0,27
587,Ursula Brooks,quis.urna.nunc@aliquetlibero.com,2021-10-10,1,59
588,Risa Casey,pharetra@consectetuer.co.uk,2022-38-28,0,44
589,Kristen Walsh,eu@montes.net,2020-37-19,2,45
590,Byron Brewer,pellentesque.tellus.sem@porttitorscelerisqueneque.edu,2021-44-26,1,23
591,Iliana Monroe,eu.accumsan@namtempordiam.ca,2021-05-14,1,56
592,Fritz Small,rutrum.non@erat.ca,2021-21-28,1,37
593,Quinn Ayala,praesent@risus.ca,2021-56-12,1,23
594,Phillip Joseph,ligula.nullam.enim@ligula.co.uk,2020-58-05,2,59
595,Wing Briggs,fermentum.risus@maecenasmi.com,2021-33-11,3,33
596,Calvin Mcguire,vestibulum.nec.euismod@purussapien.net,2021-16-22,1,69
597,Harlan Oneal,ultricies.sem@morbinon.com,2022-56-31,1,45
598,Ivor Oliver,sed.consequat@enimsuspendisse.co.uk,2021-15-22,1,30
599,Henry Burgess,suspendisse.commodo@proin.edu,2021-02-23,0,56
600,Abbot Frank,molestie.in@magnisdis.net,2021-47-22,2,41
601,Quyn Weaver,erat.eget@rutrumloremac.org,2021-45-06,0,64
602,Hilel Valencia,ornare@tinciduntdui.com,2020-54-09,1,37
603,William Mckee,metus.eu@inhendreritconsectetuer.net,2022-16-25,0,39
604,Leroy Bullock,velit.cras.lorem@nisi.edu,2021-09-10,2,48
605,Clarke Kidd,venenatis.vel@viverra.ca,2021-38-16,0,28
606,Ciara Contreras,nam.consequat.dolor@eleifend.com,2022-27-07,2,57
607,Kibo Whitaker,arcu@sapiencrasdolor.co.uk,2021-46-15,1,47
608,Slade Sanford,ante.vivamus@velitegetlaoreet.net,2021-10-07,2,37
609,Vivien Reeves,augue@vulputatelacus.org,2020-09-02,2,32
610,MacKenzie Jackson,donec@aliquam.org,2021-00-23,3,23
611,Branden Mcclure,mauris@ultrices.edu,2022-02-26,3,32
612,Hannah Richard,magna.sed@ipsumleo.ca,2021-32-13,2,50
613,Abra Mclean,mi@arcu.org,2022-39-02,2,62
614,Isaiah Diaz,cursus.luctus.ipsum@etmagnis.org,2021-22-18,1,31
615,Brock Wyatt,nec.ante.maecenas@nec.co.uk,2022-13-07,1,57
616,Illana Rich,sit.amet@eros.net,2020-05-18,2,20
617,Grady Woods,eget.nisi@uttincidunt.com,2021-56-06,1,45
618,Hiroko Hunter,in.faucibus@risusodioauctor.com,2021-28-11,1,49
619,Benjamin Allen,sociis.natoque@loremsitamet.co.uk,2022-03-25,1,68
620,Edward Delgado,mus.proin@nunc.co.uk,2020-51-18,1,39
621,Fulton Christensen,eros.turpis@utcursusluctus.net,2021-41-18,2,24
622,Griffin Erickson,ac.facilisis.facilisis@sednullaante.org,2022-07-16,0,54
623,Cleo Shaw,facilisis.suspendisse@auctor.co.uk,2021-30-21,1,31
624,Hu Dean,scelerisque.neque@seddictum.co.uk,2021-53-25,2,45
625,Scott Manning,non.massa.non@feugiatsed.edu,2021-21-27,3,42
626,Suki Sargent,aenean.sed@dolorvitae.ca,2020-17-27,1,58
627,Mercedes Deleon,dolor.donec@eratetiam.org,2021-42-27,1,24
628,Shafira Kim,nam.nulla@sapiencursus.co.uk,2021-15-28,1,42
629,Ferris Patton,magnis.dis.parturient@uttincidunt.edu,2021-14-21,1,56
630,Gillian Lee,interdum.feugiat@interdumnunc.ca,2022-33-02,1,64
631,Jason Kramer,egestas.urna.justo@ipsum.co.uk,2020-34-18,1,60
632,Clio English,montes.nascetur@arcuvivamus.ca,2022-28-30,2,66
633,Yuri Clarke,ornare.placerat@blanditat.edu,2020-03-21,0,51
634,Germaine Sheppard,molestie.sed@vitaenibh.edu,2022-50-27,0,37
635,Sheila Jenkins,lectus@scelerisqueneque.org,2021-18-19,1,40
636,Vincent Workman,tincidunt.nibh.phasellus@semper.co.uk,2022-49-17,1,30
637,Joseph Allen,felis@aliquam.edu,2021-00-22,1,47
638,Channing Harvey,adipiscing.elit@ametconsectetuer.net,2021-51-07,1,39
639,Dacey Alford,metus.vivamus@eratsemper.net,2022-14-15,1,29
640,Laura Griffin,sed.eu@sitametdapibus.net,2022-38-07,1,66
641,Elizabeth Parrish,parturient.montes@rhoncusproin.net,2021-08-11,3,35
642,Anthony Gilmore,vulputate.velit@erosnonenim.com,2021-00-10,0,47
643,Ali Pearson,nullam.feugiat@tellus.co.uk,2022-51-10,3,38
644,Tamara Lane,eros.nec.tellus@malesuada.org,2021-24-21,0,36
645,Kelly Baxter,dui@ultricies.com,2022-16-24,2,53
646,Dalton Zamora,sed.pharetra@loremut.com,2020-44-18,2,21
647,Cora Mann,sed.est.nunc@lacus.co.uk,2021-19-22,2,37
648,Shaeleigh Callahan,quis.tristique@consequatauctornunc.edu,2021-07-27,3,51
649,Russell Craft,mi.ac@nequepellentesquemassa.net,2021-45-24,2,65
650,Cecilia Love,nam.interdum@odiosagittis.com,2021-33-01,2,43
651,Yasir Colon,turpis@pharetrafeliseget.net,2022-38-02,2,57
652,Lael Welch,purus@pellentesqueeget.ca,2022-07-09,2,28
653,Benedict Sears,urna.suscipit@tortornunc.org,2022-23-19,3,29
654,Drake Sutton,risus.in@placeratvelit.ca,2021-32-01,1,50
655,Noelani Deleon,fringilla@adipiscingligula.co.uk,2022-26-09,1,53
656,Thane Murray,eget@cursuset.com,2022-51-05,2,52
657,Stephen Humphrey,proin@suscipitest.co.uk,2021-28-23,1,57
658,Carolyn Bell,magnis@fuscefeugiat.net,2022-21-01,2,62
659,Ifeoma Marsh,a.mi.fringilla@atiaculis.net,2021-28-16,0,23
660,Joy Harper,sit.amet@necurna.ca,2021-53-03,1,42
661,Penelope Price,vitae@namtempor.edu,2021-12-03,2,30
662,Ethan Ramos,aliquam@euarcu.org,2021-25-27,1,51
663,Chloe Goodwin,velit.pellentesque.ultricies@maecenasornare.co.uk,2021-28-05,2,44
664,September Strong,hendrerit.donec@aliquetnec.co.uk,2021-46-28,1,31
665,Damon Randolph,sed.orci@vitaedolor.org,2021-13-02,0,41
666,Elliott Robertson,in.scelerisque@miloremvehicula.com,2021-56-10,2,41
667,Laura Mendoza,sem.ut@etcommodoat.edu,2021-14-07,0,65
668,Brenda Dejesus,pede.sagittis.augue@vitae.com,2022-00-25,1,68
669,Ima Day,lobortis@arcu.edu,2022-05-21,2,64
670,Vernon Bernard,sem.vitae@dolorelitpellentesque.org,2021-10-07,0,29
671,Dara Workman,penatibus.et.magnis@diam.ca,2021-19-07,2,67
672,Summer Raymond,eget.volutpat@semperauctor.com,2021-13-18,2,32
673,Eugenia Mccullough,egestas@donecnonjusto.com,2022-05-13,2,37
674,Zena Vaughn,sed.molestie@consequatpurusmaecenas.com,2022-23-24,1,40
675,Elliott Sims,varius@elit.co.uk,2022-41-26,1,35
676,Camille Briggs,dui.in.sodales@gravidamauris.ca,2021-33-01,1,28
677,Ayanna Figueroa,tellus.lorem@pharetranibh.org,2021-02-16,1,48
678,Adele Yang,nonummy.ultricies@blanditnamnulla.co.uk,2021-18-12,2,58
679,Samuel Bradshaw,erat.volutpat@quamelementum.com,2021-16-10,1,44
680,Gay Hickman,nibh@semper.org,2021-19-10,1,40
681,Jaquelyn Reeves,suspendisse.commodo@luctusut.com,2020-35-15,1,35
682,Quamar Moody,in.faucibus@facilisiseget.net,2021-04-05,3,52
683,Ignacia Dalton,vestibulum.lorem@justopraesentluctus.org,2022-53-09,3,56
684,Bert Douglas,lectus.pede@enimnonnisi.edu,2022-14-05,1,46
685,Thor Mcmahon,rhoncus@nisi.co.uk,2021-51-20,1,32
686,Hedda Tran,purus@rhoncus.edu,2022-27-09,2,25
687,Jordan Charles,nunc.commodo.auctor@diamdictumsapien.ca,2021-04-13,2,64
688,Carly Ellison,quis.pede@ultrices.co.uk,2022-13-02,1,65
689,Ina Grimes,non.ante.bibendum@eratnonummyultricies.org,2021-37-13,3,42
690,Brent Rivers,natoque.penatibus@mattiscras.org,2022-21-16,2,67
691,Sarah Bernard,lorem.vitae.odio@sitamet.co.uk,2021-11-05,2,45
692,Isaiah Kaufman,interdum.curabitur@sedegetlacus.com,2022-19-23,3,57
693,Jermaine Reynolds,fusce@vitaesodalesat.com,2021-01-09,2,49
694,Kylie Sutton,ut.cursus.luctus@adipiscingmauris.net,2020-21-16,2,51
695,Reagan Berg,nulla.tincidunt.neque@risusdonec.ca,2022-53-19,2,59
696,Walter Reed,mi.tempor@metusvitaevelit.ca,2021-40-28,1,59
697,Fatima Beard,at.egestas@vel.net,2022-37-21,0,36
698,Kimberly Mason,sem@sociis.org,2021-23-27,1,24
699,Austin Vazquez,nunc@sapienmolestie.edu,2021-17-03,1,41
700,Ivana Maddox,tincidunt.vehicula@craslorem.org,2021-44-21,2,41
701,Sophia Greene,leo.in.lobortis@fermentum.ca,2021-31-16,2,31
702,Tallulah Christian,vitae@pellentesque.org,2022-05-26,1,47
703,Florence Newman,diam.vel@adipiscing.net,2022-00-12,2,46
704,Jeanette Vang,penatibus.et@velvenenatis.com,2022-43-20,2,47
705,Jacqueline Morgan,eget.nisi.dictum@sapiennunc.com,2022-12-17,1,35
706,Elliott Hoover,lorem@loremvitaeodio.com,2021-17-23,2,61
707,Noel Bradley,tincidunt@vivamusnisi.co.uk,2021-12-17,1,20
708,Melyssa Gilmore,faucibus.ut.nulla@quisquenonummy.net,2021-00-12,1,27
709,Jerry Reed,tellus.aenean@auctorodioa.com,2021-26-22,1,64
710,Florence Acevedo,suspendisse.tristique@eratin.edu,2021-44-17,1,34
711,Hyacinth Mullins,aliquet.odio@lacus.com,2022-02-03,1,41
712,Marsden Goodman,cursus.integer@aeneaneget.com,2021-23-14,1,36
713,Justine Harrison,varius.orci.in@pharetraut.net,2021-06-17,2,43
714,Jessamine Henson,malesuada.id@idmagna.com,2021-17-23,3,54
715,Griffith Maynard,malesuada.malesuada@in.net,2021-12-24,3,65
716,Lavinia Gay,felis.nulla@placerat.co.uk,2022-54-10,0,27
717,Blossom Holland,malesuada@metusvitae.ca,2022-05-18,3,35
718,Arthur Henson,nec.urna@antebibendum.ca,2020-26-09,0,34
719,Steel Gilliam,dignissim.magna@odio.ca,2021-25-10,2,40
720,Indira Salinas,tortor.nunc@velarcu.ca,2020-59-27,1,69
721,Kareem Miles,donec.tempor@maurisblanditenim.ca,2022-51-23,0,39
722,Dana Lloyd,suspendisse@sedlibero.org,2021-21-20,1,28
723,Levi Bryan,aliquam.ornare@scelerisquescelerisquedui.ca,2020-14-04,0,59
724,Omar Sweeney,nam.consequat@leocrasvehicula.co.uk,2022-02-06,2,34
725,Noelle Obrien,sit.amet@nunclectus.ca,2022-11-02,2,27
726,Flynn Dotson,ad.litora@leoin.co.uk,2021-29-05,1,70
727,Boris Rodriguez,ut.ipsum@nasceturridiculus.com,2022-15-27,2,65
728,Kaseem Sharpe,nunc@duifusce.com,2021-27-30,3,69
729,Dolan Klein,sed.leo@craseget.edu,2021-26-08,3,21
730,Wylie Solomon,metus.sit@nequeetnunc.org,2022-09-28,1,49
731,Dorian Richard,dolor.fusce.mi@vitae.org,2022-31-27,3,28
732,Maxine Fields,urna.vivamus.molestie@maurisa.net,2021-37-02,1,38
733,Marah Meyer,facilisis.non.bibendum@arcu.net,2021-21-07,2,23
734,Ria Garner,adipiscing.ligula@curabitur.net,2021-00-11,2,67
735,Joelle Shelton,a.nunc@massaquisque.org,2021-08-27,2,47
736,Madeson Vincent,non.egestas@faucibus.org,2022-33-17,2,66
737,Nero Mcpherson,eu.neque.pellentesque@maurisquis.ca,2021-38-18,2,52
738,Gretchen Beasley,sapien@maurisut.co.uk,2021-20-20,1,66
739,Hedley Mitchell,odio@luctus.edu,2021-01-16,1,23
740,Justina Hall,ac.turpis@ipsumac.edu,2021-36-12,1,37
741,Melinda Miles,sit.amet@telluslorem.org,2022-35-05,2,49
742,Nell Abbott,non.massa.non@esttempor.co.uk,2020-25-29,2,40
743,Graham Stanley,dui.in@atvelitpellentesque.edu,2021-36-28,3,33
744,Dieter Caldwell,leo.vivamus@mauriselit.edu,2022-48-28,0,21
745,Roanna Ewing,elit@idante.co.uk,2021-27-14,2,58
746,Lisandra Callahan,risus.morbi.metus@maecenasmalesuada.org,2022-09-18,2,31
747,Lewis Beck,lorem.ipsum@nullatempor.com,2022-36-11,2,27
748,Evangeline Manning,nunc.nulla.vulputate@magna.co.uk,2021-16-04,3,56
749,Alika Mcguire,semper@nullavulputatedui.com,2022-44-26,2,61
750,Adria Donovan,in.consectetuer@perconubianostra.co.uk,2021-00-27,2,28
751,Clark Moss,duis.dignissim@atlibero.net,2021-57-13,1,64
752,Boris Moss,urna.nullam.lobortis@proinmi.edu,2022-31-17,2,54
753,Wanda Reese,sit@etultricesposuere.com,2021-12-08,2,66
754,Joelle Little,ad.litora@eu.com,2021-12-07,1,27
755,Dominique Hall,massa.quisque@laoreetipsum.co.uk,2021-11-18,2,64
756,Hadassah Garza,sed.et.libero@vivamussit.net,2021-13-08,3,41
757,Carly Baird,fusce@ridiculus.co.uk,2022-35-10,0,57
758,Ray Jacobs,sed.facilisis@arcueu.net,2021-19-23,3,67
759,Jerome Morris,sit@nectempus.edu,2020-29-28,0,54
760,Steel Harmon,ipsum@erat.net,2020-49-19,2,45
761,Orla Rios,donec.sollicitudin@sedlibero.ca,2021-32-28,1,47
762,Vanna Montgomery,mauris.vestibulum@donec.edu,2022-42-18,0,61
763,Gabriel Duke,mollis.vitae.posuere@nonluctus.net,2022-08-24,1,35
764,Knox Townsend,et@feugiat.co.uk,2022-47-25,1,41
765,Logan Caldwell,faucibus@auctorvelit.com,2022-51-05,0,48
766,Craig Arnold,urna.et.arcu@vitae.com,2022-28-02,2,35
767,TaShya Sharp,porttitor@at.org,2022-44-01,1,49
768,Dara Mays,integer@ut.edu,2022-07-13,2,66
769,Claudia Wright,a@utlacus.ca,2021-59-08,2,55
770,Kiara Moran,sapien.aenean@mi.net,2022-31-25,2,38
771,Todd Rowland,penatibus.et@arcu.net,2021-20-11,3,50
772,Jameson Hubbard,sed.pede@senectuset.org,2022-02-28,2,29
773,Nita Nixon,vel.convallis@nequenon.co.uk,2021-59-18,2,32
774,Reed Reese,lacus@risus.edu,2022-35-13,1,22
775,Lois Walls,tempor.est@maurisutmi.co.uk,2022-53-29,3,50
776,Cyrus Ellison,vulputate.nisi@fringilla.co.uk,2021-54-09,1,50
777,Ora Branch,sed@eunibhvulputate.co.uk,2021-40-15,2,47
778,Byron Compton,elit@eratsed.net,2022-23-19,0,50
779,Marcia Hernandez,egestas@dolorquam.co.uk,2021-48-14,1,40
780,Reece Munoz,eros.non.enim@turpisvitae.ca,2021-45-15,2,61
781,Acton Hickman,donec@tincidunt.net,2020-57-31,2,66
782,Tanner Holcomb,interdum@eueratsemper.edu,2020-42-01,3,59
783,Lewis Mayer,dictum.ultricies@infaucibus.ca,2022-50-13,2,51
784,Wendy Vega,pharetra.felis.eget@duisuspendisse.edu,2021-07-25,1,49
785,Hammett Shepard,amet@innec.com,2021-41-27,3,44
786,Whilemina French,aenean.egestas@infaucibus.edu,2021-07-24,3,63
787,Aimee Morse,ac.eleifend.vitae@erosnon.co.uk,2021-38-22,0,54
788,Zachery Sweeney,purus.mauris@semmagna.org,2021-58-05,1,69
789,Zelenia Chavez,lorem.sit@nostraperinceptos.com,2022-06-03,0,39
790,Stephen Charles,aliquam.rutrum@fringillami.net,2021-45-02,2,64
791,Ryder Kelly,nunc.interdum@utsagittis.net,2021-56-27,1,35
792,Hyacinth Saunders,adipiscing.lacus@utmiduis.net,2020-56-30,0,63
793,Germaine Wilkins,libero.est@cursusin.ca,2020-07-21,1,45
794,Hayley Rutledge,porttitor.vulputate@dolor.net,2021-57-08,1,22
795,Allistair Michael,nibh.aliquam.ornare@egestas.co.uk,2021-40-25,1,25
796,Kameko Pena,velit@sodales.net,2021-47-01,3,69
797,Silas Grimes,malesuada.integer@pedepraesenteu.net,2021-50-07,3,41
798,Declan Kennedy,nullam@auctor.com,2022-00-02,0,20
799,Lydia Cohen,vel.mauris.integer@eueleifend.net,2022-17-19,1,41
800,Michael Allen,ut.pellentesque.eget@sedhendrerit.co.uk,2022-00-12,1,60
801,Virginia Oliver,nullam.feugiat@hymenaeosmauris.edu,2020-17-28,1,65
802,Anastasia Riddle,natoque.penatibus@sed.edu,2022-34-04,3,67
803,Felicia Hyde,libero.at@etcommodo.co.uk,2021-02-14,0,55
804,Anthony Hart,auctor@quisurnanunc.ca,2022-43-19,2,37
805,Berk Chang,arcu.ac@tellusnonmagna.org,2021-46-08,1,22
806,Delilah Carey,mauris@aliquamrutrum.com,2021-10-13,3,65
807,Deanna Sandoval,diam.dictum@inmolestie.edu,2021-28-14,2,40
808,Desiree Moody,feugiat.lorem@sedauctor.co.uk,2020-45-15,0,40
809,Sawyer Key,mauris.id@ligulaaliquamerat.net,2021-02-27,3,67
810,Alea Rosa,ultrices.vivamus@pharetra.com,2021-11-14,1,26
811,Doris Hansen,phasellus.nulla@sedauctor.org,2022-38-21,1,39
812,Bree Alexander,dolor.elit@ligulaaenean.net,2021-37-17,3,33
813,Nigel Keller,vitae.aliquam@ac.net,2021-46-27,1,61
814,Stacy Collier,donec@luctuset.com,2021-47-04,1,62
815,Jenna Aguilar,felis.eget.varius@elita.org,2020-42-19,1,35
816,Addison Drake,sagittis.nullam@tempuseu.org,2021-07-14,1,45
817,Raja Jenkins,auctor@duis.com,2022-09-18,1,46
818,Cally Padilla,massa.suspendisse@quisque.com,2021-16-15,2,54
819,Sebastian West,nisi@fermentum.edu,2021-33-29,0,54
820,Tanya Fuentes,sapien.gravida@sedfacilisis.net,2022-31-07,0,62
821,Zahir Hendricks,dui.quis@rutrum.co.uk,2022-48-24,2,32
822,Driscoll Terry,sed.malesuada.augue@crasvehiculaaliquet.edu,2021-11-25,3,21
823,Ivory Wise,consectetuer.adipiscing@placeratorci.net,2022-01-17,1,25
824,Gay Kirby,sed@maurisut.ca,2022-39-16,0,52
825,Norman Hensley,quis@consectetuermauris.ca,2021-27-11,3,48
826,Ethan Riddle,pede@luctus.net,2021-42-15,1,41
827,Cecilia Rodgers,fringilla@adipiscingmauris.com,2021-03-18,3,61
828,Leila Parker,mi.lacinia@aauctor.co.uk,2021-54-14,1,34
829,Mira Rogers,natoque.penatibus@nullain.com,2021-46-17,2,68
830,Dieter Bean,sit@faucibus.net,2022-07-21,1,37
831,Harriet England,aenean.eget@luctusipsumleo.net,2021-44-29,1,23
832,Flynn Hobbs,iaculis.quis@adipiscinglobortisrisus.com,2021-30-05,1,36
833,Echo Hampton,felis.adipiscing@urna.net,2021-00-11,3,35
834,Hasad Frazier,aliquet.phasellus.fermentum@loremeu.org,2021-03-27,2,67
835,Axel Gallagher,dapibus@velit.co.uk,2021-18-06,2,51
836,Jessica Maynard,duis.elementum@nislarcuiaculis.edu,2022-55-11,3,55
837,Lester Sharpe,luctus.curabitur@necmollisvitae.co.uk,2021-08-26,1,64
838,Alden Jenkins,fames@uterat.net,2020-39-20,2,54
839,Jolene Hull,tempus.non@purusnullam.edu,2021-33-01,0,52
840,Jakeem Langley,orci@orcilacus.net,2022-42-05,2,67
841,Rashad Moss,penatibus.et@etlacinia.edu,2022-41-25,2,23
842,Dustin Arnold,sapien.nunc.pulvinar@dapibusgravidaaliquam.org,2021-54-31,1,63
843,Benedict Cabrera,fringilla@sed.net,2022-37-15,3,69
844,Naomi Hayden,placerat.cras@semmagnanec.org,2021-53-23,1,58
845,Amos Gomez,aliquam@et.net,2021-25-20,1,27
846,Danielle Crawford,id.risus@loremsemperauctor.com,2022-12-03,3,61
847,Octavia Valdez,parturient.montes@odio.ca,2022-20-01,1,44
848,Linda David,tincidunt@eleifendegestas.ca,2021-39-15,2,39
849,Isaac Barton,quisque@utpharetrased.edu,2021-49-20,3,23
850,Elvis Ray,fames.ac.turpis@cras.org,2022-44-10,1,51
851,Adam Blackburn,amet.risus@consectetuermauris.org,2021-26-13,2,56
852,Simon Fry,fringilla@tristiqueac.net,2022-35-27,2,69
853,Oren Vaughan,ipsum@nibhphasellusnulla.com,2020-51-28,1,35
854,Nina Dale,lorem.ipsum@acmattis.co.uk,2022-32-10,2,36
855,Jason Hurley,montes.nascetur.ridiculus@lobortis.edu,2022-09-16,3,30
856,Raphael Abbott,magna.suspendisse@sollicitudin.com,2022-33-07,1,68
857,Hall Hinton,dictum.eu.placerat@consequat.co.uk,2022-20-02,0,57
858,Baker Cain,magna@maurissit.ca,2022-40-24,3,44
859,Evan Orr,risus@nequesed.co.uk,2022-41-20,3,33
860,August Harper,pellentesque.ultricies@sit.net,2022-31-03,2,67
861,Germane Weber,varius@vivamusmolestie.ca,2021-09-28,3,70
862,Geoffrey Yang,tellus.eu@tortor.com,2021-37-28,3,65
863,Aristotle Hubbard,nibh@velitinaliquet.net,2021-14-14,1,54
864,Lee Weiss,ac.metus@mipede.net,2022-12-29,0,45
865,Kevin Whitfield,id.erat.etiam@intempus.co.uk,2021-40-06,2,42
866,Brett Price,et.ipsum.cursus@inmagna.com,2022-42-24,3,68
867,Sawyer Ware,natoque@suspendisseeleifend.net,2021-38-10,3,64
868,Jemima Cleveland,ante@vulputatevelit.net,2022-48-30,1,70
869,Xandra Rowland,auctor.quis@imperdieteratnonummy.net,2021-14-10,2,56
870,Lael Wagner,eu.enim@aliquetmagna.com,2021-46-05,1,63
871,Gisela Mueller,at.arcu@metusaenean.co.uk,2020-43-31,3,46
872,Unity Dalton,id@diampellentesquehabitant.edu,2020-54-20,2,42
873,Kieran Sawyer,morbi.tristique.senectus@liberoproin.edu,2022-23-23,2,25
874,Kirsten Rivers,sociis.natoque.penatibus@commodo.co.uk,2022-16-05,2,35
875,Wynter Coleman,tincidunt.nibh.phasellus@nullavulputatedui.co.uk,2020-11-11,0,44
876,Callie Buckner,netus.et.malesuada@vivamus.net,2020-39-11,1,60
877,Grant Davenport,lectus.ante.dictum@mifelis.edu,2022-59-17,0,31
878,Jelani Mckinney,neque.nullam@feugiattellus.org,2022-49-12,2,53
879,Jonas King,donec.tincidunt.donec@miduis.co.uk,2021-49-22,1,46
880,Tanya Sears,aliquam@ultricies.net,2021-48-18,1,56
881,Rowan Scott,non@molestiearcused.net,2022-30-21,0,52
882,Alyssa Guthrie,nonummy.ac.feugiat@non.com,2022-42-22,1,59
883,Leandra Erickson,amet@nuncmauris.co.uk,2022-34-04,1,54
884,Kato Evans,lobortis@mollisphaselluslibero.net,2020-26-24,3,43
885,Nita Mclean,ad@molestie.co.uk,2021-10-04,3,61
886,Ray Harper,facilisis.magna@sociis.co.uk,2021-42-22,1,35
887,Reese Morales,ornare.libero@elitfermentumrisus.ca,2022-09-31,2,54
888,Wynne Velazquez,lorem.ipsum.dolor@sit.org,2021-47-11,2,64
889,Charles Church,donec.tincidunt.donec@arcuvestibulum.edu,2022-16-19,3,59
890,Shad Perkins,et.nunc@ultricies.ca,2022-13-05,3,41
891,Kenneth Harmon,nunc.laoreet@disparturient.ca,2020-31-26,0,44
892,Sharon Hart,eros.turpis.non@tortordictum.co.uk,2022-12-07,1,69
893,Orli Blevins,vitae.aliquet@pretiumet.net,2021-33-13,1,68
894,Jayme Hinton,fermentum.convallis@dis.ca,2021-32-21,2,66
895,Kelly Mckinney,ac.orci.ut@feugiatplaceratvelit.net,2022-29-07,2,51
896,Jenette Lane,facilisis@loremeget.edu,2021-32-19,2,25
897,Unity Vasquez,quisque.imperdiet@feugiatplacerat.net,2021-09-12,1,61
898,Rahim Ellis,nulla.integer@vulputateeu.com,2021-38-01,2,22
899,Tanek Norris,sit@pellentesque.edu,2020-20-25,2,61
900,Samuel Summers,adipiscing@sedcongue.net,2021-58-24,1,24
901,Davis Barnes,ac@dapibusligula.ca,2021-28-15,2,69
902,Driscoll Wiley,fusce.fermentum@ac.org,2021-14-01,2,47
903,Kevin Gillespie,interdum@acmattissemper.com,2021-56-20,0,28
904,Rebecca Miller,aliquet.sem@augue.edu,2022-25-08,1,36
905,Callum Farley,eget@iaculis.ca,2022-42-06,2,48
906,Ciaran Graves,cursus.luctus@adipiscingfringilla.ca,2021-00-02,2,39
907,Camden Atkins,ultrices@adipiscinglacus.ca,2022-11-15,2,59
908,Rashad Welch,urna.justo.faucibus@mienimcondimentum.org,2020-26-23,2,67
909,Mallory Mcclure,sapien.imperdiet@vulputaterisus.org,2021-45-22,0,42
910,Eaton Maynard,odio.sagittis.semper@dolorsitamet.ca,2022-17-12,1,60
911,Lenore Koch,massa.suspendisse@tellusjusto.org,2021-21-14,1,30
912,Nolan Curtis,ipsum.primis.in@ultrices.co.uk,2022-36-28,2,40
913,Karyn Armstrong,consectetuer.adipiscing@diamluctus.net,2022-58-12,2,44
914,Kato Gould,aliquam.arcu.aliquam@quisque.edu,2022-13-02,1,65
915,Gil Mcclain,ipsum.curabitur.consequat@congueturpisin.edu,2021-19-06,3,26
916,Elvis Velasquez,urna@luctusfelis.edu,2020-58-04,0,41
917,Eagan Guerra,lacus.quisque@ultricesaauctor.ca,2022-29-13,0,40
918,April Powers,a.feugiat@hendrerita.co.uk,2020-10-26,3,33
919,Camille Donaldson,semper@maecenaslibero.net,2020-23-17,0,67
920,Brent Rios,diam.nunc@vivamus.co.uk,2021-33-16,2,37
921,Alisa Fleming,in.molestie@pretiumneque.edu,2022-33-06,2,30
922,Isaac Snyder,nec@mollisduis.co.uk,2020-05-28,2,62
923,Tanner Cantu,bibendum@leo.org,2022-38-01,1,52
924,Nevada Cooke,egestas.nunc.sed@felisadipiscing.org,2021-58-19,1,25
925,Rachel Dominguez,adipiscing.mauris@vestibulumanteipsum.com,2022-04-04,1,35
926,Urielle Bryan,nisi.dictum@sedsem.co.uk,2021-47-03,1,29
927,Herrod Mccullough,elit.elit@euerosnam.ca,2022-41-04,2,48
928,Evan Santos,ornare.lectus@ataugueid.com,2021-33-04,1,26
929,Cole Walter,curabitur.vel@elitpharetra.co.uk,2022-15-16,2,20
930,Nigel Stanton,tincidunt.vehicula@intempus.ca,2021-36-14,1,32
931,Alan Hopkins,mollis.nec@sempertellusid.org,2021-11-16,2,52
932,Skyler House,praesent.interdum@malesuadafringillaest.ca,2022-59-11,1,65
933,Axel Gould,consectetuer.adipiscing.elit@nullamenim.org,2021-35-04,3,38
934,Anthony Best,urna.justo@eleifend.co.uk,2020-26-25,1,68
935,Dora Wyatt,orci@at.org,2020-46-26,3,41
936,Indira Burris,cum.sociis@tristiquepellentesque.ca,2021-06-14,3,62
937,Vaughan Curry,consequat@praesent.net,2022-45-21,1,55
938,Vance Carney,elementum.sem.vitae@purusgravida.co.uk,2022-36-21,1,58
939,Nita Joseph,sem@ultricesvivamusrhoncus.co.uk,2022-18-09,0,48
940,Malcolm Pate,diam.dictum.sapien@anteiaculisnec.edu,2022-43-21,2,37
941,Alyssa Barlow,proin.non.massa@at.edu,2021-30-25,0,55
942,Xander Peters,turpis.nec@in.com,2021-23-18,0,68
943,Elvis Blackburn,non.enim@ipsumsodalespurus.ca,2022-44-03,1,48
944,Melvin Fry,lacus@odiotristique.co.uk,2022-00-09,1,56
945,Benjamin Oneil,at.libero@nunc.com,2022-18-19,3,28
946,Autumn Gilmore,dictum.magna@idrisus.com,2021-50-21,2,24
947,Kathleen Matthews,nisi@cumsociis.net,2022-22-28,2,53
948,Andrew Walsh,blandit.enim@malesuadamalesuadainteger.ca,2021-16-06,1,68
949,Lani Higgins,in.nec@sem.net,2021-46-15,2,57
950,Doris Meyers,elementum.dui.quis@aliquetphasellusfermentum.edu,2021-25-16,3,62
951,Colin Leblanc,placerat.velit@duismi.com,2022-20-29,3,41
952,Yuri Reese,scelerisque@sitamet.ca,2021-02-14,2,24
953,Tanya Daugherty,aliquam.rutrum.lorem@dictumplacerat.net,2022-36-09,3,43
954,Azalia Sellers,vulputate.eu.odio@suspendissetristique.ca,2021-41-30,1,60
955,Hamish Weber,vulputate.dui@ultriciesligula.co.uk,2021-33-19,1,28
956,Elizabeth Dawson,neque@parturientmontes.net,2020-12-30,1,62
957,Burton Brady,ut@mauris.net,2021-15-20,2,56
958,Alexander Paul,iaculis.odio.nam@convallisest.edu,2020-08-18,1,37
959,Patricia Clemons,tortor.integer@nonlobortis.org,2021-04-30,1,36
960,Kiara Humphrey,erat.volutpat@sed.com,2022-23-05,2,23
961,Dorothy Jordan,ridiculus.mus@temporarcu.co.uk,2021-39-16,2,29
962,Cameron Barrera,ligula.elit.pretium@sednullaante.ca,2021-11-29,3,65
963,Sigourney Bryan,aliquam.rutrum.lorem@crasdictum.com,2022-16-10,2,24
964,Zahir Witt,varius@utlacus.edu,2021-54-15,1,39
965,Rina Lucas,lectus@orci.co.uk,2021-29-05,2,51
966,Tiger Medina,fringilla.ornare@sapiencursus.co.uk,2021-16-22,3,50
967,Merritt Dawson,libero.at.auctor@eleifendnec.com,2022-20-02,2,27
968,Reagan Alvarez,mauris.nulla@phasellusfermentumconvallis.net,2021-24-22,2,24
969,Harding Jacobson,adipiscing@tristique.edu,2021-13-15,2,27
970,Trevor Mcfarland,in.ornare@pharetraquisque.com,2022-01-07,1,33
971,Driscoll Shields,at.auctor@sem.net,2021-15-13,2,21
972,Keith Lyons,mollis.duis@etmalesuada.com,2021-41-08,2,45
973,Thor Hartman,in.consectetuer@dictummagna.co.uk,2020-45-18,0,70
974,Tamara Velasquez,dui@leoelementumsem.edu,2022-51-02,3,26
975,Bertha Wong,tempor.bibendum@euodio.ca,2020-56-30,2,68
976,Clinton Snow,cursus@ac.edu,2022-04-08,1,42
977,Aiko Hall,pede.blandit.congue@quismassamauris.com,2020-36-19,1,42
978,Ross Erickson,ultrices.sit@eulacus.net,2021-51-03,2,39
979,Britanney Watts,mollis@fringilla.co.uk,2021-22-26,2,68
980,Luke Cabrera,nibh.sit@vivamusmolestie.co.uk,2020-12-30,1,38
981,Gretchen Frost,mi.aliquam@nibhquisque.net,2021-30-17,1,34
982,Desiree Stevens,et.nunc.quisque@quamelementumat.org,2020-42-30,2,28
983,Bradley Greer,mauris.blandit@necmetusfacilisis.org,2022-21-01,2,61
984,Samuel Lancaster,accumsan.interdum.libero@nullam.co.uk,2021-17-13,3,61
985,Russell Castillo,nunc@sedeunibh.edu,2022-45-07,0,58
986,Fay Hatfield,porttitor.eros@purusnullam.org,2021-10-23,2,54
987,Joshua Mccray,fringilla.donec@atnisi.edu,2022-19-27,0,57
988,Dexter Wong,vitae.aliquet@diam.com,2022-58-15,1,52
989,Ocean Booker,donec.nibh@quispede.org,2021-49-26,0,69
990,Yeo Schroeder,nunc.lectus@sedtortor.net,2022-42-09,2,56
991,Cooper Fry,sit@aliquam.ca,2022-38-04,1,38
992,Linus Henry,non.luctus.sit@tellusfaucibus.org,2021-53-30,1,39
993,Alec Kim,mi.lorem@malesuada.co.uk,2021-50-19,2,53
994,Todd Martinez,urna.justo@quama.ca,2022-18-20,2,58
995,Nicholas Carrillo,neque@nectempusmauris.com,2021-49-18,1,27
996,Fuller Evans,et@pellentesquehabitantmorbi.net,2021-08-24,0,58
997,Shaine Duncan,enim.etiam.imperdiet@accumsan.org,2022-45-02,2,55
998,Galvin Dudley,sagittis.nullam.vitae@sedet.org,2021-21-15,3,45
999,Quinlan Castaneda,mauris.nulla@incursuset.edu,2021-09-03,3,42
1000,Winifred Griffith,lacinia.mattis.integer@consequatnecmollis.net,2021-19-17,2,20
